{
	"description": "项目配置文件",
	"packOptions": {
		"ignore": []
	},
	"setting": {
		"urlCheck": true,
		"scopeDataCheck": false,
		"coverView": true,
		"es6": true,
		"postcss": true,
		"compileHotReLoad": false,
		"preloadBackgroundData": false,
		"minified": true,
		"autoAudits": false,
		"newFeature": false,
		"uglifyFileName": false,
		"uploadWithSourceMap": true,
		"useIsolateContext": true,
		"nodeModules": false,
		"enhance": false,
		"useCompilerModule": true,
		"userConfirmedUseCompilerModuleSwitch": false,
		"showShadowRootInWxmlPanel": true,
		"packNpmManually": false,
		"packNpmRelationList": [],
		"checkSiteMap": false
	},
	"compileType": "miniprogram",
	"libVersion": "2.12.0",
	"appid": "wx2727a47a6bccb6eb",
	"projectname": "ANINA%E5%AE%89",
	"debugOptions": {
		"hidedInDevtools": []
	},
	"scripts": {},
	"isGameTourist": false,
	"simulatorType": "wechat",
	"simulatorPluginLibVersion": {},
	"condition": {
		"search": {
			"current": -1,
			"list": []
		},
		"conversation": {
			"current": -1,
			"list": []
		},
		"plugin": {
			"current": -1,
			"list": []
		},
		"game": {
			"current": -1,
			"list": []
		},
		"gamePlugin": {
			"current": -1,
			"list": []
		},
		"miniprogram": {
			"current": -1,
			"list": [
				{
					"id": -1,
					"name": "pages/card-detail/card-detail",
					"pathName": "pages/card-detail/card-detail",
					"query": "",
					"scene": null
				},
				{
					"id": -1,
					"name": "pages/index/index",
					"pathName": "pages/index/index",
					"query": "",
					"scene": null
				},
				{
					"id": -1,
					"name": "pages/card-id/card-id",
					"pathName": "pages/card-id/card-id",
					"query": "",
					"scene": null
				},
				{
					"id": -1,
					"name": "pages/score/score",
					"pathName": "pages/score/score",
					"query": "",
					"scene": null
				},
				{
					"id": -1,
					"name": "pages/my-info/my-info",
					"pathName": "pages/my-info/my-info",
					"query": "",
					"scene": null
				},
				{
					"id": -1,
					"name": "pages/score/score",
					"pathName": "pages/score/score",
					"scene": null
				}
			]
		}
	}
}