{
  "description": "项目配置文件",
  "packOptions": {
    "ignore": []
  },
  "setting": {
    "urlCheck": true,
    "es6": true,
    "enhance": false,
    "postcss": true,
    "preloadBackgroundData": false,
    "minified": true,
    "newFeature": false,
    "coverView": true,
    "nodeModules": false,
    "autoAudits": false,
    "showShadowRootInWxmlPanel": true,
    "scopeDataCheck": false,
    "uglifyFileName": false,
    "checkInvalidKey": true,
    "checkSiteMap": false,
    "uploadWithSourceMap": true,
    "compileHotReLoad": false,
    "babelSetting": {
      "ignore": [],
      "disablePlugins": [],
      "outputPath": ""
    },
    "useIsolateContext": true,
    "useCompilerModule": true,
    "userConfirmedUseCompilerModuleSwitch": false,
    "packNpmManually": false,
    "packNpmRelationList": []
  },
  "compileType": "miniprogram",
  "libVersion": "2.12.0",
  "appid": "wx2727a47a6bccb6eb",
  "projectname": "ANINA%E5%AE%89",
  "debugOptions": {
    "hidedInDevtools": []
  },
  "scripts": {},
  "isGameTourist": false,
  "simulatorType": "wechat",
  "simulatorPluginLibVersion": {},
  "condition": {
    "search": {
      "current": -1,
      "list": []
    },
    "conversation": {
      "current": -1,
      "list": []
    },
    "plugin": {
      "current": -1,
      "list": []
    },
    "game": {
      "current": -1,
      "list": []
    },
    "gamePlugin": {
      "current": -1,
      "list": []
    },
    "miniprogram": {
      "current": -1,
      "list": [
        {
          "id": -1,
          "name": "pages/card-detail/card-detail",
          "pathName": "pages/card-detail/card-detail",
          "query": "",
          "scene": null
        },
        {
          "id": -1,
          "name": "pages/index/index",
          "pathName": "pages/index/index",
          "query": "",
          "scene": null
        },
        {
          "id": -1,
          "name": "pages/card-id/card-id",
          "pathName": "pages/card-id/card-id",
          "query": "",
          "scene": null
        },
        {
          "id": -1,
          "name": "pages/score/score",
          "pathName": "pages/score/score",
          "query": "",
          "scene": null
        },
        {
          "id": -1,
          "name": "pages/my-info/my-info",
          "pathName": "pages/my-info/my-info",
          "query": "",
          "scene": null
        },
        {
          "id": -1,
          "name": "pages/score/score",
          "pathName": "pages/score/score",
          "query": "",
          "scene": null
        },
        {
          "id": -1,
          "name": "pages/backstage/back-login/back-login",
          "pathName": "pages/backstage/back-login/back-login",
          "query": "",
          "scene": null
        },
        {
          "id": -1,
          "name": "pages/backstage/back-index/back-index",
          "pathName": "pages/backstage/back-index/back-index",
          "query": "",
          "scene": null
        },
        {
          "id": -1,
          "name": "pages/backstage/back-user-manage/back-user-manage",
          "pathName": "pages/backstage/back-user-manage/back-user-manage",
          "query": "",
          "scene": null
        },
        {
          "id": -1,
          "name": "pages/backstage/back-admin-manage/back-admin-manage",
          "pathName": "pages/backstage/back-admin-manage/back-admin-manage",
          "query": "",
          "scene": null
        },
        {
          "id": 10,
          "name": "pages/backstage/back-search-point/back-search-point",
          "pathName": "pages/backstage/back-search-point/back-search-point",
          "query": "",
          "scene": null
        },
        {
          "id": -1,
          "name": "pages/backstage/back-search-point/back-update-point/back-update-point",
          "pathName": "pages/backstage/back-search-point/back-update-point/back-update-point",
          "query": "",
          "scene": null
        }
      ]
    }
  }
}